#,Name,Type,Ingredient 1,Ingredient 2,Ingredient 3,Ingredient 4,Category 1,Category 2,Category 3,Category 4,Add Category 1,Add Category 2,Add Category 3,Add Category 4,F,I,L,W,ES,SQ,EV,From Recipe 1,From Requiring 1,From Type 1,From Recipe 2,From Requiring 2,From Type 2
1,Explosive Uni,Attack,(Uni),(Gunpowder),(Fuel),,(Bombs),,,,,,,,X,,,,,,,,,,,,
2,Craft,Attack,(Uni),Werder Nut,(Gunpowder),(Neutralizers),(Bombs),,,,,,,,,,,X,,,,Explosive Uni,Werder Nut,Convert,,,
3,Bomb,Attack,Crimson Ore,(Gunpowder),(Sand),(Neutralizers),(Bombs),,,,,,,,X,,,,,,,,,,,,
4,Ice Bomb,Attack,Aqua Core,(Water),(Magical),(Neutralizers),(Bombs),,,,,,,,,X,,,,,,,,,,,
5,Plajig,Attack,Lightning Ore,(Ore),(Stone),(Neutralizers),(Bombs),,,,,,,,,,X,,,,,,,,,,
6,Luft,Attack,Wind Ore,(Gases),(Mushrooms),(Neutralizers),(Bombs),,,,,,,,,,,X,,,,,,,,,
7,Omega Craft,Attack,Craft,Ember Stone,(Gases),(Gemstones),(Bombs),,,,,,,,,,,X,,,,Craft,Ember Stone,Convert,,,
8,Rose Bomb,Attack,Bomb,Gunpowder Base,(Flowers),(Neutralizers),(Bombs),,,,,,,,X,,,,,,,Bomb,Gunpowder Base,Convert,,,
9,Kleid Ice Bomb,Attack,Ice Bomb,Glass Flower,(Puniballs),(Neutralizers),(Bombs),,,,,,,,,X,,,,,,Ice Bomb,Glass Flower,Convert,,,
10,Strahl Plajig,Attack,Plajig,Lightning Sand,(Gases),(Metal),(Bombs),,,,,,,,,,X,,,,,Plajig,Lightning Sand,Convert,,,
11,Ratsel Luft,Attack,Luft,Mist Liquid,(Lumber),(Magical),(Bombs),,,,,,,,,,,X,,,,Luft,Mist Liquid,Convert,,,
12,Bubble Bullet,Attack,(Ingots),Foamy Water,(Metal),(Neutralizers),(Bombs),,,,,,,,,X,,X,,,,,,,,,
13,Genesis Hammer,Attack,Marblestone,Degenesis Stone,(Jewels),(Gases),(Magic Tools),,,,,,,,X,,X,,,,,,,,,,
14,Lunar Lamp,Attack,Saint's Diamond,Holy Drop,(Puniballs),(Dragon Mat.),(Magic Tools),,,,,,,,X,,,X,,,,,,,,,
15,Philosopher's Book,Attack,Philosopher's Stone,Arc en Ciel,Spirit Bottle,(Animal Products),(Magic Tools),,,,,,,,X,X,X,X,,,,,,,,,
16,Grand Bomb,Attack,,,,,(Bombs),,,,,,,,X,,,,,,,,,,Bomb ,Rose Bomb,EV-Link
17,Crystal Ice Bomb,Attack,,,,,(Bombs),,,,,,,,,X,,,,,,,,,Ice Bomb ,Kleid Ice Bomb,EV-Link
18,Laute Plajig,Attack,,,,,(Bombs),,,,,,,,,,X,,,,,,,,Plajig ,Strahl Plajig,EV-Link
19,Wirbel Luft,Attack,,,,,(Bombs),,,,,,,,,,,X,,,,,,,Luft ,Ratsel Luft,EV-Link
20,N/A,Attack,,,,,(Bombs),,,,,,,,,,,,,,,,,,Omega Craft ,Grand Bomb,EV-Link
21,Apocalypse,Attack,,,,,(Magic Tools),,,,,,,,X,X,X,X,,,,,,,Philosopher's Book ,Lunar Lamp,EV-Link
22,Mortal Bullet,Attack,,,,,(Bombs),,,,,,,,,,X,X,,,,,,,Bubble Bullet ,Omega Craft,EV-Link
23,Grass Beans,Heal,(Medicinal),(Flowers),(Edibles),,(Medicine),,,,,,,,,,,X,,,,,,,,,
24,Dry Biscuit,Heal,Flour,Fresh Berry,(Fruit),(Edibles),(Food),,,,,,,,X,,,,,,,Grass Beans,Flour,Convert,,,
25,Nectar,Heal,Red Puniball,Ancient Branch,(Elixirs),(Magical),(Medicine),,,,,,,,,X,X,,,,,,,,,,
26,Ashra Milk,Heal,Honey,Clover Milk,Fortune Fruit,(Spices),(Food),,,,,,,,,X,,,,,,Honey,Clover Milk,Convert,,,
27,Ashra Donut,Heal,Flour,Berry Syrup,Fortune Fruit,(Edibles),(Food),,,,,,,,X,,,,,,,Flour,Berry Syrup,Convert,,,
28,Cocktail Leb,Heal,Dragon Egg,Berry Syrup,(Edibles),(Spices),(Food),,,,,,,,X,X,,,,,,,,,,,
29,Goddess Cup,Heal,Holy Drop,Super Pure Water,(Flowers),(Puniballs),(Medicine),,,,,,,,,,X,X,,,,,,,,,
30,Elixir,Heal,Dunkelheit,Dragon Meat,(Elixirs),(Neutralizers),(Medicine),,,,,,,,,X,,X,,,,Nectar,Dunkelheit,Convert,,,
31,Nexfuelia,Heal,Nectar,Yugdore Water,Punibals,(Neutralizers),(Medicine),,,,,,,,,X,,X,,,,Nectar,Yugdore Water,Convert,,,
32,Heraus Ointment,Heal,Fragile,Bitter Root,(Puniballs),(Neutralizers),(Medicine),,,,,,,,X,,X,,,,,,,,,,
33,Holy Beans,Heal,,,,,(Medicine),,,,,,,,,X,,X,,,,,,,Grass Beans ,Goddess Cup,EV-Link
34,Mythic Nectar,Heal,,,,,(Medicine),,,,,,,,,X,X,,,,,,,,Nectar ,Elixir,EV-Link
35,Innocent Leb,Heal,,,,,(Food),,,,,,,,,X,X,X,,,,,,,Cocktail Leb ,Nectar,EV-Link
36,Forbidden Elixir,Heal,,,,,(Medicine),,,,,,,,X,,X,,,,,,,,Elixir ,Miracle Ebonyal,EV-Link
37,Curative Milk,Heal,,,,,(Food),,,,,,,,,,X,X,,,,,,,Ashra Milk ,Nexfuelia,EV-Link
38,Fish Oil,Support,Sardine,(Fruit),(Mushrooms),(Neutralizers),(Medicine),,,,,,,,X,X,,,,,,Grass Beans,Sardine,Convert,,,
39,War Powder,Support,Eltz Sugar,Bitter Root,(Mushrooms),(Spices),(Medicine),,,,,,,,,,X,,,,,Eltz Sugar,Bitter Root,Convert,,,
40,Energianica,Support,Startium,Ethereal Stone,(Metal),(General Goods),(Magic Tools),,,,,,,,X,,X,,,,,,,,,,
41,Mystic Robe,Support,Sorcery Rose,Holy Stone Fragment,(Medicine),(Elixirs),(Magic Tools),,,,,,,,,X,,X,,,,,,,,,
42,Miracle Ebonyal,Support,War Powder,Cave Bat Wing,(Mushrooms),(Edibles),(Medicine),,,,,,,,,X,X,,,,,War Powder,Cave Bat Wing,Convert,,,
43,Astronomical Clock,Support,Arc en Ciel,Creaminea,(Magic Tools),(Dragon Mat.),(Magic Tools),,,,,,,,,X,X,,,,,Creaminea,Arc en Ciel,Convert,,,
44,Red War Powder,Support,,,,,(Medicine),,,,,,,,,,,,,,,,,,War Powder ,War Powder,EV-Link
45,Blue Star Robe,Support,,,,,(Magic Tools),,,,,,,,,,,,,,,,,,Mystic Robe ,Energianica,EV-Link
46,Lunatic Debonyal,Support,,,,,(Medicine),,,,,,,,X,,,X,,,,,,,Miracle Ebonyal ,Witch's Potion,EV-Link
47,Reverse Clock,Support,,,,,(Magic Tools),,,,,,,,,X,X,,,,,,,,Astronomical Clock ,Lunatic Debonyal,EV-Link
48,Order Breaker,Support,,,,,(Medicine),,,,,,,,,X,X,,,,,,,,Fish Oil ,Ashra Donut,EV-Link
49,Thorny Embrace,Support,Alchemy Fibers,Mushroom Powder,(Poisons),(Bugs),(Magic Tools),,,,,,,,,,X,X,,,,Alchemy Fibers,Mushroom Powder,Convert,,,
50,Poison Smoke,Support,Thorny Embrace,Poison Cube,(Poisons),(Gases),(Magic Tools),,,,,,,,,X,,X,,,,Thorny Embrace,Poison Cube,Convert,,,
51,Witch's Potion,Support,Miracle Ebonyal,Dragon Flower,(Poisons),(Flowers),(Medicine),,,,,,,,X,X,,,,,,Poison Powder,Dragon Flower,Convert,,,
52,Heroic Geist,Support,Poison Smoke,Heroic Spirit,(Dragon Mat.),,(Magic Tools),,,,,,,,X,,X,X,,,,Poison Smoke,Poison Cube,Convert,,,
53,Poison Thorn Prison,Support,,,,,(Magic Tools),,,,,,,,,,X,X,,,,,,,Thorny Embrace ,Poison Smoke,EV-Link
54,Bottle of Poison,Support,,,,,(Magic Tools),,,,,,,,X,,,X,,,,,,,Poison Smoke ,Miracle Ebonyal,EV-Link
55,Demonic Potion,Support,,,,,(Medicine),,,,,,,,,X,X,,,,,,,,Witch's Potion ,Goddess Cup,EV-Link
56,Master Spirit,Support,,,,,(Magic Tools),,,,,,,,,,,,,,,,,,Heroic Geist ,Red War Powder,EV-Link
57,Grass Sickle,Synthesis,Large Bone,Polishing Powder,(Ore),(Lumber),(Tools),,,,(Ore),(Gemstones),(General Goods),(Lumber),,X,,,,,,,,,,,
58,Woodcutter's Axe,Synthesis,Eiche,Polishing Powder,(Metal),(Threads),(Tools),,,,(General Goods),(Lumber),(Gases),(Magical),,,X,,,,,,,,,,
59,Bomb Rod,Synthesis,Fossil Tree,Bomb,(Jewels),(Gunpowder),(Tools),,,,(Gemstones),(Ore),(Magical),(Gases),X,,,,,,,,,,,,
60,Bug Net,Synthesis,Tough Log,Alchemy Fibers,(Threads),(Gases),(Tools),,,,(Threads),(Magical),(General Goods),(Fuel),X,,,X,,,,,,,,,
61,Fishing Rod,Synthesis,Tough Log,Alchemy Fibers,(Lumber),(Bugs),(Tools),,,,(Threads),(Lumber),(General Goods),(Bugs),,X,,,,,,,,,,,
62,Wind Shoes,Synthesis,Spirit Bottle,Sorcery Rose,(Animal Products),(Puniballs),(Tools),,,,(General Goods),(Animal Products),(Fuel),(Elixirs),X,,,X,,,,,,,,,
63,Emerald Band,Synthesis,Emerald Glass,(Ingots),(Threads),(Magical),(Tools),,,,(Threads),(Magical),(General Goods),(Metal),,,X,X,,,,,,,,,
64,Spirit Beast Whistle,Synthesis,Large Bone,Startium,(Magical),(Puniballs),(Tools),,,,(Animal Products),(Magical),(General Goods),(Metal),X,,X,,,,,,,,,,
65,Mana Lantern,Synthesis,Creaminea,Emerald Glass,(General Goods),(Magical),(Tools),,,,(Metal),(Jewels),(Fuel),(Gunpowder),X,,,X,,,,,,,,,
66,Air Drop,Synthesis,Honey,Foamy Water,(Puniballs),(Neutralizers),(Tools),,,,(Edibles),(Gases),(General Goods),(Fuel),,X,,X,,,,,,,,,
67,Silent Sickle,Synthesis,Grass Sickle,Taboo Drop,(Lumber),(Gases),(Tools),,,,(Ore),(Gemstones),(General Goods),(Lumber),,X,X,,,,,Grass Sickle,Taboo Drop,Convert,,,
68,Golden Axe,Synthesis,Woodcutter's Axe,Goldoterion,(Lumber),(Gemstones),(Tools),,,,(Lumber),(Fuel),(General Goods),(Gemstones),,,X,X,,,,Woodcutter's Axe,Goldoterion,Convert,,,
69,Blue Bomb Rod,Synthesis,Bomb Rod,Holy Arbor Branch,(Jewels),(Magical),(Tools),,,,(General Goods),(Lumber),(Gases),(Magical),,X,,,,,,Bomb Rod,Holy Arbor Branch,Convert,,,
70,Master Bug Net,Synthesis,Bug Net,Queen Spider Web,(Bugs),(Gases),(Tools),,,,(Threads),(Magical),(General Goods),(Fuel),X,,X,,,,,Bug Net,Queen Spider Web,Convert,,,
71,Divine Fishing Rod,Synthesis,Fishing Rod,Heavenly String,(General Goods),(Magical),(Tools),,,,(Threads),(Lumber),(General Goods),(Bugs),,X,,X,,,,Fishing Rod,Stahl Fiber,Convert,,,
72,Red Neutralizer,Synthesis,(Gunpowder),(Fuel),(Water),,(Neutralizers),,,,(Gunpowder),(Gases),(Fuel),(Sand),X,,,,,,,,,,,,
73,Blue Neutralizer,Synthesis,(Flowers),(Seafood),(Water),,(Neutralizers),,,,(Flowers),(Plants),(Gases),(Threads),,X,,,,,,,,,,,
74,Yellow Neutralizer,Synthesis,(Ore),(Sand),(Water),,(Neutralizers),,,,(Ore),(Gemstones),(General Goods),(Threads),,,X,,,,,,,,,,
75,Green Neutralizer,Synthesis,(Plants),(Lumber),(Water),,(Neutralizers),,,,(Lumber),(Medicinal),(Stone),(Fuel),,,,X,,,,,,,,,
76,Polishing Powder,Synthesis,Ashen Sand,(Sand),(Stone),,(General Goods),,,,,,,,,,X,,,,,,,,,,
77,Zettel,Synthesis,Scrap Paper,(Mushrooms),(Water),(Neutralizers),(General Goods),(Fuel),,,,,,,X,X,,,,1,,,,,,,
78,Reinforced Zettel,Synthesis,Zettel,Ancient Solution,(Threads),(Neutralizers),(General Goods),(Fuel),,,,,,,X,,X,,1,1,,Zettel,Ancient Solution,Convert,,,
79,Alchemy Paint,Synthesis,Mixing Oil,Dark Crystal Fragment,(Bugs),(Neutralizers),(General Goods),(Poisons),,,(Magical),(Fuel),,,,X,X,,,,2,Mixing Oil,Dark Crystal Fragment,Convert,,,
80,Delphi Rose Incense,Synthesis,Traveler's Water Orb,Delphi Rose,(Fuel),(General Goods),(General Goods),(Flowers),,,(Gas),(Gunpowder),(Medicinal),(Spices),X,,,X,,2,,Traveler's Water Orb,Delphi Rose,Convert,,,
81,Ingot,Synthesis,Amatite Ore,(Ore),(Stone),,(Ingots),(Metal),,,,,,,X,,,,,,,,,,,,
82,Startium,Synthesis,Arknite,Pentanite,(Gases),(Sand),(Ingots),(Metal),,,,,,,,,X,,,,,Ingot,Arknite,Convert,,,
83,Creaminea,Synthesis,Degenesis Stone,Mordenite,(Gemstones),(Water),(Ingots),(Metal),,,,,,,,X,,X,,,,Startium,Degenesis Stone,Convert,,,
84,Goldoterion,Synthesis,Goldinite,Amber Crystal,(Fuel),(Beehives),(Ingots),(Metal),,,,,,,X,,X,,,,,Creaminea,Goldinite,Convert,,,
85,Grand Orgen,Synthesis,Rainbow Gemstone,Septrin,(Elixirs),(Neutralizers),(Ingots),(Metal),,,,,,,X,X,,X,,,,Goldoterion,Underworld Crystal,Convert,,,
86,Cloth,Synthesis,(Threads),(Plants),(Neutralizers),,(Cloth),(Plants),,,,,,,,,X,,,,,,,,,,
87,Bestial Air,Synthesis,Animal Hide,Alchemy Fibers,(Bugs),(Beehives),(Cloth),(Animal Products),,,,,,,,,X,X,,,,Cloth,Animal Hide,Convert,,,
88,Sorcery Rose,Synthesis,Delphi Rose,Arbor Ivy,(Mushrooms),(Neutralizers),(Cloth),(Gases),,,,,,,X,X,,,,,,Bestial Air,Delphi Rose,Convert,,,
89,Eldrocode,Synthesis,Heavenly String,Mythical Hide,(Gases),(Neutralizers),(Cloth),(Jewels),,,,,,,,X,X,,,,,Sorcery Rose,Heavenly String,Convert,,,
90,Weise Cloth,Synthesis,Master Leather,Stahl Fiber,(Magical),(Neutralizers),(Cloth),,,,,,,,,,X,X,,,,Eldrocode,Master Leather,Convert,,,
91,Pearl Crystal,Synthesis,Shell Pearl,Ashen Sand,(Gemstones),(Sand),(Jewels),,,,(Medicinal),(Poisons),(General Goods),(Edibles),,X,,,,,,Polishing Powder,Shell Pearl,Convert,,,
92,Amberlite,Synthesis,Amber Crystal,Amber Fragment,Polishing Powder,(Beehives),(Jewels),,,,(Stone),(Sand),(Bugs),(Fuel),X,,,X,,,2,Pearl Crystal,Amber Crystal,Convert,,,
93,Spirinite,Synthesis,Mana-Eater Branch,Magnemarmor,(Gemstones),(Puniballs),(Jewels),,,,(Poisons),(Gunpowder),,,,,X,,1,,,Amberlite,Mana-Eater Branch,Convert,,,
94,Saint's Diamond,Synthesis,Holy Arbor Crystal,Holy Stone Fragment,(Gases),(Puniballs),(Jewels),,,,(Magical),(Ore),,,,X,,X,1,,2,Spirinite,Holy Arbor Crystal,Convert,,,
95,Arc en Ciel,Synthesis,Rainbow Gemstone,Gold Puniball,(Magical),(Neutralizers),(Jewels),,,,(Elixirs),(Magical),,,X,X,X,X,2,,1,Saint's Diamond,Rainbow Gemstone,Convert,,,
96,Waking Emerald,Synthesis,Emerald Glass,Polishing Sand,(Puniballs),(Magical),(Jewels),,,,,,,,,,X,X,1,1,,Spirinite,Emerald Glass,Convert,,,
97,Honey,Synthesis,(Beehives),(Bugs),(Lumber),,(Spices),,,,(Fuel),(Medicinal),,,X,,,X,,,,,,,,,
98,Eltz Sugar,Synthesis,Nectar Rock,Honey,(Edibles),(Fruit),(Spices),,,,(Sand),(Poisons),,,X,,,,,1,,Honey,Nectar Rock,Convert,,,
99,Berry Syrup,Synthesis,Fresh Berry,Eltz Sugar,(Fuel),(Neutralizers),(Spices),,,,,,,,,X,,X,,2,2,Eltz Sugar,Fresh Berry,Convert,,,
100,Traveler's Water Orb,Synthesis,Foamy Water,Zettel,(Stone),(Sand),(Water),(Magical),,,,,,,,X,,X,1,,,Zettel,Foamy Water,Convert,,,
101,Super Pure Water,Synthesis,Traveler's Water Orb,Reinforced Zettel,(Gases),(Puniballs),(Water),,,,(Medicinal),(Gases),,,,X,,,,1,,,,,,,
102,Port Liquid,Synthesis,Ancient Blue Water,Super Pure Water,(Plants),(Neutralizers),(Water),,,,,,,,,X,,X,2,,2,Super Pure Water,Ancient Blue Water,Convert,,,
103,Healing Chips,Synthesis,Mixing Oil,Dried Lumber,(Fruit),(Seafood),(Medicinal),(Gases),,,(Lumber),(Fuel),(Poisons),(Spices),X,,X,,,,,,,,,,
104,Holy Drop,Synthesis,Holy Tree Leaf,Taboo Drop,(Puniballs),(Jewels),(Medicinal),(Elixirs),,,(General Goods),(Magical),(Water),(Gases),,X,X,,,,3,Taboo Drop,Holy Tree Leaf,Convert,,,
105,Medicinal Cocktail,Synthesis,Divine Liquid,Holy Drop,(Medicinal),(Neutralizers),(Medicinal),(Spices),,,(Magical),(Fuel),,,X,,,X,,2,2,Holy Drop,Divine Liquid,Convert,,,
106,Poison Cube,Synthesis,Black Much,Flour,(Bugs),(Spices),(Poisons),,,,(Fuel),(Gunpowder),(Gases),(Metal),,,X,X,,2,,Flour,Black Muck,Convert,,,
107,Taboo Drop,Synthesis,Black Water,Poison Cube,(Bugs),(Poisons),(Poisons),,,,(General Goods),(Elixirs),,,X,X,,,1,,2,Poison Cube,Black Water,Convert,,,
108,Poison Powder,Synthesis,Dry Powder,Poison Cube,(Fuel),(Medicinal),(Poisons),,,,(Sand),(Fuel),(General Goods),(Magical),X,,X,,,2,,Poison Cube,Dry Powder,Convert,,,
109,Lightning Sand,Synthesis,Jade Water,Abyss Bolt,(Gases),(Gemstones),(Sand),,,,(Metal),(Stones),,,,,X,,1,,,Plajig,Jade Water,Convert,,,
110,Polishing Sand,Synthesis,Polishing Powder,Lightning Sand,(Gemstones),(Sand),(Sand),,,,(General Goods),(Gemstones),(Metal),(Magical),X,,X,,,2,,Lightning Sand,Polishing Powder,Convert,,,
111,Marblestone,Synthesis,Degenesis Stone,Mordenite,(General Goods),(Sand),(Stone),,,,(Metal),(Ore),(General Goods),(Magical),,,X,,,,,,,,,,
112,Gunpowder Base,Synthesis,Smokey Charcoal,Magma Powder,(Beehives),(Gases),(Gunpowder),,,,(Poisons),(Sand),,,X,,,,1,,,,,,,,
113,Blue Flame Ember,Synthesis,Eternal Fire,Gunpowder Base,(Lumber),(Magical),(Gunpowder),(Fuel),,,(Dragon Mat.),(Magical),,,X,,,X,1,,2,Gunpowder Base,Eternal Fire,Convert,,,
114,Cool Gunpowder,Synthesis,Gunpowder Base,Port Liquid,(Sand),(Magical),(Gunpowder),,,,(Medicinal),(Gases),,,X,X,,X,,2,2,Port Liquid,Gunpowder Base,Convert,,,
115,Mixing Oil,Synthesis,Natural Oil,Palma Fruit,(Seafood),(Neutralizers),(Fuel),,,,(Gases),(Spices),,,X,,,,,,,,,,,,
116,Golden Oil,Synthesis,Amber Oil,Mixing Oil,(Ore),(Neutralizers),(Fuel),,,,(Magical),(Metal),,,X,,X,,,2,,Mixing Oil,Amber Oil,Convert,,,
117,Meltstone,Synthesis,Solflower,Marblestone,(Dragon Mat.),,(Fuel),(Stone),,,,,,,X,,,X,1,,2,Marblestone,Solflower,Convert,,,
118,Ether Engine,Synthesis,Ether Core,Cross Cartridge,(Fuel),(Metal),(Fuel),(Metal),,,,,,,,,X,X,,2,2,Cross Cartridge,Ether Core,Convert,,,
119,Flour,Synthesis,Wasser Wheat,Scrap Paper,(Plants),,(Edibles),,,,(Gunpowder),(Medicinal),,,,,X,,,,,,,,,,
120,Gelatin Powder,Synthesis,Large Bone,(Mushrooms),(Seafood),(Puniballs),(Edibles),(Medicinal),,,(Neutralizers),(Poisons),,,X,X,,,,1,,,,,,,
121,Alchemy Fibers,Synthesis,Cotton Grass,(Plants),(Seafood),(Mushrooms),(Threads),,,,(General Goods),(Metal),,,,,X,X,,,2,,,,,,
122,Heavenly String,Synthesis,Angel Silk,Alchemy Fibers,(Fuel),(Gemstones),(Threads),(Magical),,,(Animal Products),(Fuel),(General Goods),(Gases),,X,,X,1,,,Alchemy Fibers,Angel Silk,Convert,,,
123,Stahl Fiber,Synthesis,Underworld Crystal,Heavenly String,(Gases),(Fuel),(Threads),(Metal),,,(Metal),(Gunpowder),(General Goods),(Magical),X,,X,,,,2,Heavenly String,Underworld Crystal,Convert,,,
124,Holynut Lumber,Synthesis,Holy Arbor Branch,Round Tablet,(Sand),(Gemstones),(Lumber),(Metal),,,(Fuel),(Magical),,,,,,X,,,2,,,,,,
125,Dry Powder,Synthesis,Dry Grass,Healing Chips,(Fuel),(Gunpowder),(Plants),(Poisons),,,(General Goods),(Medicinal),,,X,,,,1,,,Healing Chips,Dry Grass,Convert,,,
126,Mist Liquid,Synthesis,Water Beast Scale,Traveler's Water Orb,(Flowers),(Bugs),(Gases),,,,(General Goods),(Magical),,,,,,X,1,,,Traveler's Water Orb,Water Beast Scale,Convert,,,
127,Feather Draft,Synthesis,Giant Bird Feather,Mist Liquid,(Dragon Mat.),,(Gases),,,,(Animal Products),(Fuel),,,X,,X,X,1,,2,,,,,,
128,Puni Leather,Synthesis,Giant Puniball,Bestial Air,(Fruit),(Seafood),(Animal Products),(Puniballs),,,,,,,,X,X,,,,,Bestial Air,Giant Puniball,Convert,,,
129,Master Leather,Synthesis,Mythical Hide,Giant Claws,(Elixirs),(Puniballs),(Animal Products),(Dragon Mat.),,,,,,,,X,,X,,,,Puni Leather,Mythical Hide,Convert,,,
130,Dread Leather,Synthesis,Demon Claws,Master Leather,(Dragon Mat.),,(Animal Products),(Magical),,,,,,,X,,X,,,,,Master Leather,Demon Claws,Convert,,,
131,Glass Flower,Synthesis,Rosen Leaf,Ice Bomb,(Flowers),(Gemstones),(Magical),(Jewels),,,(Plants),(Flowers),,,,X,,,1,,,Ice Bomb,Rosen Leaf,Convert,,,
132,Spirit Bottle,Synthesis,Lapis Papillion,Alchemy Paint,(Flowers),(Gases),(Magical),(General Goods),,,(Jewels),(Fruit),(Elixirs),(Neutralizers),X,X,X,X,,,2,Alchemy Paint,Lapis Papillion,Convert,,,
133,Cross Cartridge,Synthesis,Goldoterion,Lightning Sand,(Dragon Mat.),,(Magical),(Metal),,,(Gemstones),(Jewels),(General Goods),(Fuel),,X,X,,,2,,Lightning Sand,Goldoterion,Convert,,,
134,Crystal Element,Synthesis,Septrin,Spirit Bottle,(Flowers),(Dragon Mat.),(Magical),(Gunpowder),(Water),(Sand),(Bug),(Gases),(Plants),(Gemstones),X,X,X,X,2,,,Spirit Bottle,Septrin,Convert,,,
135,Philosopher's Stone,Synthesis,Ether Core,Crystal Element,Dragon Eye,(Jewels),(Elixirs),(Neutralizers),(Jewels),(Magical),,,,,,X,X,,3,2,3,Crystal Element,Ether Core,Convert,,,
136,Ancient Philosopher's Stone,Synthesis,Philosopher's Stone,Ether Engine,Cross Cartridge,(Elixirs),(Elixirs),(Neutralizers),(Jewels),(Magical),(Sand),(Puniballs),,,X,,,X,3,,4,Philosopher's Stone,Ether Engine,Convert,,,
137,Plant Seeds,Synthesis,Sapling Branch,(Uni),(Fruit),(Plants),(Seeds),,,,,,,,,,,X,,,,,,,,,
138,Stone Seeds,Synthesis,Eroded Stone,(Sand),(Fruit),(Stone),(Seeds),,,,,,,,,,X,,,,,Plant Seeds,Eroded Stone,Convert,,,
139,Fire Seeds,Synthesis,Burning Sand,(Beehives),(Fruit),(Gunpowder),(Seeds),,,,,,,,X,,,,,,,Stone Seeds,Burning Sand,Convert,,,
140,Water Seeds,Synthesis,Life Leaf,(Water),(Fruit),(Seafood),(Seeds),,,,,,,,,X,,,,,,Plant Seeds,Life Leaf,Convert,,,
141,Mystic Seeds,Synthesis,Holy Stone Fragment,(Puniballs),(Fruit),(Magical),(Seeds),,,,,,,,X,X,X,X,,,,Water Seeds,Holy Stone Fragment,Convert,,,
142,Poison Seeds,Synthesis,Dragon Flower,(Bugs),(Fruit),(Poisons),(Seeds),,,,,,,,,X,,X,,,,Mystic Seeds,Dragon Flower,Convert,,,
143,Golden Seeds,Synthesis,Goldinite,(Metal),(Fruit),(Jewels),(Seeds),,,,,,,,X,,X,,,,,Fire Seeds,Goldinite,Convert,,,
144,Glorious Oil,Synthesis,Fuel Coconut,Natural Oil,(Gemstones),(Fruit),(Fuel),,,,(Gunpowder),(Neutralizers),,,,X,,,,,1,,,,,,
145,Great Tree Seedling,Synthesis,Plant Seeds,Sapling Branch,Nectar,(Magical),(Plants),,,,(Lumber),(Fuel),,,,,,X,,3,,,,,,,
146,Demolition Bomb,Synthesis,Bomb,Flammable Bark,(Bombs),(Gunpowder),(Bombs),(Gunpowder),,,,,,,X,,,X,,,1,,,,,,
147,Mana Liquid,Synthesis,Ether Aqua,Fairystone Fragment,(Metal),(Neutralizers),(Medicine),,,,(Medicinal),(Elixis),(Water),(Magical),,X,,X,1,,,,,,,,
148,Ryza's (Fake) Medicine,Synthesis,Super Pure Water,Fortune Fruit,(Water),(Neutralizers),(General Goods),,,,(Spices),(Medicinal),,,,X,,,,2,,,,,,,
149,Plant Food,Synthesis,Jade Water,Seafloor Soil,(Poisons),(Neutralizers),(General Goods),,,,(Medicinal),(Elixirs),(Puniballs),(Water),,,X,X,1,,,,,,,,
150,Sunlight Soil,Synthesis,Plant Food,Solflower,Black Muck,(Magical),(General Goods),,,,(Sand),(Stone),(Medicinal),(Poisons),X,,,X,,2,,,,,,,
151,Crafter's Drill,Synthesis,Grand Orgen,Saint's Diamond,,,(General Goods),,,,(Ore),(Metal),(Dragon Mat.),(Magical),,,X,,,,,,,,,,
152,Ancient Scroll,Synthesis,Zettel,Alchemy Paint,(Sand),(Magical),(General Goods),(Fuel),,,(Gases),(Magical),,,,,,X,1,1,,,,,,,
153,Sarding,Synthesis,Dragon Egg,Sardine,Clover Milk,(Spices),(Food),(Edibles),(Seafood),(Puniballs),(Gases),(Water),,,,X,,X,1,1,,,,,,,
154,True Handmade Staff,Weapon,Ingot,(Lumber),(Animal Products),(Ingots),(Weapons),,,,,,,,,,,,,,,,,,,,
155,Mystical Wonder,Weapon,Startium,Tough Log,(Magical),(Ingots),(Weapons),,,,,,,,,,,,,,,True Handmade Staff,Startium,Convert,,,
156,Inversion,Weapon,Creaminea,Spirinite,(Ingots),(Jewels),(Weapons),,,,,,,,,,,,,,,Mystical Wonder,Creaminia,Convert,,,
157,Azure Tear,Weapon,Goldoterion,Spirinite,(Ingots),(Elixirs),(Weapons),,,,,,,,,,,,,,,Inversion,Goldoterion,Convert,,,
158,Sparkling Reverie,Weapon,Grand Orgen,Holynut Lumber,(Ingots),(Magical),(Weapons),,,,,,,,,,,,,,,Azure Tear,Grand Orgen,Convert,,,
159,Kurzbogen,Weapon,Ingot,(Ingots),(Flowers),(Ore),(Weapons),,,,,,,,,,,,,,,,,,,,
160,Ermine Tail,Weapon,Startium,Sapling Branch,(Gases),(Ingots),(Weapons),,,,,,,,,,,,,,,Kurzbogen,Startium,Convert,,,
161,Wind Blaster,Weapon,Creaminea,Pearl Crystal,(Water),(Ingots),(Weapons),,,,,,,,,,,,,,,Ermine Tail,Creaminia,Convert,,,
162,Lapis Flugel,Weapon,Goldoterion,Glass Flower,(Ingots),(Bugs),(Weapons),,,,,,,,,,,,,,,Wind Blaster,Goldoterion,Convert,,,
163,Astrumnox,Weapon,Grand Orgen,Saint's Diamond,(Ingots),(Gases),(Weapons),,,,,,,,,,,,,,,Lapis Flugel,Grand Orgen,Convert,,,
164,Training Sword,Weapon,Ingot,(Ingots),(Seafood),(Animal Products),(Weapons),,,,,,,,,,,,,,,,,,,,
165,Heavy Bulwark,Weapon,Startium,(Ingots),(Gunpowder),(Animal Products),(Weapons),,,,,,,,,,,,,,,Training Sword,Startium,Convert,,,
166,Hexbringer,Weapon,Creaminea,Rusted Sword,(Poisons),(Ingots),(Weapons),,,,,,,,,,,,,,,Heavy Bulwark,Creaminia,Convert,,,
167,Ragnarok,Weapon,Goldoterion,Taboo Drop,(Ingots),(Magical),(Weapons),,,,,,,,,,,,,,,Hexbringer,Goldoterion,Convert,,,
168,Demon Ender,Weapon,Grand Orgen,Holy Drop,(Ingots),(Jewels),(Weapons),,,,,,,,,,,,,,,Ragnarok,Grand Orgen,Convert,,,
169,Cross Daggers,Weapon,Ingot,(Fruit),(Stone),(Ingots),(Weapons),,,,,,,,,,,,,,,,,,,,
170,Twin Edge,Weapon,Startium,Fairystone Fragment,(Magical),(Ingots),(Weapons),,,,,,,,,,,,,,,Cross Daggers,Startium,Convert,,,
171,Halfmoons,Weapon,Creaminea,Amber Fragment,(Seafood),(Ingots),(Weapons),,,,,,,,,,,,,,,Twin Edge,Creaminia,Convert,,,
172,Tiger Wolf Fangs,Weapon,Goldoterion,Beast Fossil,(Ingots),(Jewels),(Weapons),,,,,,,,,,,,,,,Halfmoons,Goldoterion,Convert,,,
173,Amphisbaena,Weapon,Grand Orgen,Blue Flame Ember,(Dragon Mat.),(Ingots),(Weapons),,,,,,,,,,,,,,,Tiger Wolf Fangs,Grand Orgen,Convert,,,
174,Index,Weapon,Ingot,(Lumber),(Gases),(Ingots),(Weapons),,,,,,,,,,,,,,,,,,,,
175,Piercing Blade,Weapon,Startium,(Lumber),(Plants),(Ingots),(Weapons),,,,,,,,,,,,,,,Index,Startium,Convert,,,
176,Lowen Arger,Weapon,Creaminea,(Ingots),(Stone),Amberlite,(Weapons),,,,,,,,,,,,,,,Piercing Blade,Creaminia,Convert,,,
177,Null Circle,Weapon,Goldoterion,Holy Arbor Branch,(Magical),(Ingots),(Weapons),,,,,,,,,,,,,,,Lowen Arger,Goldoterion,Convert,,,
178,Edel Schwert,Weapon,Grand Orgen,Crystal Element,(Elixirs),(Ingots),(Weapons),,,,,,,,,,,,,,,Nill Circle,Grand Orgen,Convert,,,
179,Antique Feather,Weapon,Ingot,(Gemstones),(Seafood),(Ingots),(Weapons),,,,,,,,,,,,,,,,,,,,
180,Forest Hunter,Weapon,Startium,Ethereal Stone,(Seafood),(Ingots),(Weapons),,,,,,,,,,,,,,,Antique Feather,Startium,Convert,,,
181,Espiral,Weapon,Creaminea,(Seafood),(Poisons),(Ingots),(Weapons),,,,,,,,,,,,,,,Forest Hunter,Creaminia,Convert,,,
182,Nimble Hawk,Weapon,Goldoterion,Trihorn,(Ingots),(Dragon Mat.),(Weapons),,,,,,,,,,,,,,,Espiral,Goldoterion,Convert,,,
183,Immortal Chaser,Weapon,Grand Orgen,Spirit Bottle,(Magical),(Ingots),(Weapons),,,,,,,,,,,,,,,Nimble Hawk,Grand Orgen,Convert,,,
184,Nature's Band,Weapon,Ingot,(Gemstones),(Plants),(Ingots),(Weapons),,,,,,,,,,,,,,,,,,,,
185,Giesskanne,Weapon,Startium,Ethereal Stone,(Ingots),(Seafood),(Weapons),,,,,,,,,,,,,,,Nature's Band,Startium,Convert,,,
186,Guidance Bangle,Weapon,Creaminea,Star Fragment,(Poisons),(Ingots),(Weapons),,,,,,,,,,,,,,,Giesskanne,Creaminia,Convert,,,
187,Excelsior Brace,Weapon,Goldoterion,Trihorn,(Dragon Mat.),(Ingots),(Weapons),,,,,,,,,,,,,,,Guidance Bangle,Goldoterion,Convert,,,
188,Grand Floracion,Weapon,Grand Orgen,(Magical),Spirit Bottle,(Ingots),(Weapons),,,,,,,,,,,,,,,Exelsior Brace,Grand Orgen,Convert,,,
189,Traveler's Coat,Armor,Cloth,Restraint Silk,(Cloth),(Medicinal),(Armor),,,,,,,,,,,,,,,Cloth,Restraint Silk,Convert,,,
190,Soldier's Cuirass,Armor,Rusted Sword,Bestial Air,(Animal Products),(Cloth),(Armor),,,,,,,,,,,,,,,Leather Protector,Rusted Sword,Convert,,,
191,Mimicry Robe,Armor,Puni Leather,Startium,(Cloth),(Puniballs),(Armor),,,,,,,,,,,,,,,Radiant Plate,Puni Leather,Convert,,,
192,Draconic Heart,Armor,Dread Leather,(Cloth),(Dragon Mat.),Dragon Eye,(Armor),,,,,,,,,,,,,,,Fortress Armor,Dread Leather,Convert,,,
193,Layered Velvet,Armor,Dread Leather,Weise Cloth,(Elixirs),(Cloth),(Armor),,,,,,,,,,,,,,,Fairy Cloak,Dread Leather,Convert,,,
194,Noble Tunic,Armor,Cloth,Fluffy Wool,(Cloth),(Threads),(Armor),,,,,,,,,,,,,,,Traveler's Coat,Fluffy Wool,Convert,,,
195,Leather Protector,Armor,Bestial Air,Animal Hide,(Cloth),(Threads),(Armor),,,,,,,,,,,,,,,Noble Tunic,Bestial Air,Convert,,,
196,Radiant Plate,Armor,Creaminea,Bestial Air,(Metal),(Cloth),(Armor),,,,,,,,,,,,,,,Soldier's Cuirass,Creaminea,Convert,,,
197,Fairy Cloak,Armor,Dream Powder,Eldrocode,(Flowers),(Cloth),(Armor),,,,,,,,,,,,,,,Mimicry Robe,Dream Powder,Convert,,,
198,Fortress Armor,Armor,Master Leather,Goldoterion,(Stone),(Cloth),(Armor),,,,,,,,,,,,,,,Radiant Plate,Master Leather,Convert,,,
199,Uni Charm,Accessory,Uni,(Gemstones),(Metal),(Threads),(Accessories),,,,,,,,,,,,,,,Ingot,Uni,Convert,,,
200,Fluffy Tail,Accessory,Fluffy Wool,(Metal),(Magical),Blessed Feather,(Accessories),,,,,,,,,,,,,,,Startium,Fluffy Wool,Convert,,,
201,Locket of Devotion,Accessory,Blessed Feather,Pearl Crystal,(Gemstones),(Metal),(Accessories),,,,,,,,,,,,,,,Uni Charm,Blessed Feather,Convert,,,
202,Sage Circlet,Accessory,Old Magic Tome,Waking Emerald,(Gemstones),(Metal),(Accessories),,,,,,,,,,,,,,,Waking Emerald,Old Magic Tome,Convert,,,
203,Kaiser Cape,Accessory,Imperial Fish,Weise Cloth,(Threads),(Dragon Mat.),(Accessories),,,,,,,,,,,,,,,Weise Cloth,Imperial Fish,Convert,,,
204,Four Spirits Amulet,Accessory,Grand Orgen,Crystal Element,(Elixirs),(Magical),(Accessories),,,,,,,,,,,,,,,Crystal Element,Grand Orgen,Convert,,,
205,Focus Glass,Accessory,Spirinite,Waking Emerald,(Metal),(Magical),(Accessories),,,,,,,,,,,,,,,Waking Emerald,Spirinite,Convert,,,
206,Hot-Blooded Bandana,Accessory,Flaming Black Sand,Sorcery Rose,(Threads),(Animal Products),(Accessories),,,,,,,,,,,,,,,Sorcery Rose,Flaming Black Sand,Convert,,,
207,Glory Belt,Accessory,Saint's Diamond,Grand Orgen,(Fruit),(Magical),(Accessories),,,,,,,,,,,,,,,Grand Orgen,Saint's Diamond,Convert,,,
208,Energy Pendant,Accessory,Unknown Gemstone,(Metal),(Threads),(Magical),(Accessories),,,,,,,,,,,,,,,Polishing Powder,Unknown Gemstone,Convert,,,
209,Gnade Ring,Accessory,Star Fragment,(Jewels),(General Goods),Startium,(Accessories),,,,,,,,,,,,,,,Pearl Crystal,Star Fragment,Convert,,,
210,Quartz Necklace,Accessory,Glowing Diatom,Amberlite,(Metal),(General Goods),(Accessories),,,,,,,,,,,,,,,Amberlite,Glowing Diatom,Convert,,,
211,Migratory Charm,Accessory,Dragon Wing,Creaminea,(Gases),(Fruit),(Accessories),,,,,,,,,,,,,,,Locket of Devotion,Dragon Wing,Convert,,,
212,Baron's Crown,Accessory,Golden Crown,Goldoterion,(Dragon Mat.),(Jewels),(Accessories),,,,,,,,,,,,,,,Goldoterion,Golden Crown,Convert,,,
213,Elixir Ring,Accessory,Elixir,Arc en Ciel,(Metal),(General Goods),(Accessories),,,,,,,,,,,,,,,Arc en Ciel,Elixir,Convert,,,
214,Memoria Bracelet,Accessory,Locket of Devotion,Migratory Charm,(Jewels),(Metal),(Accessories),,,,,,,,,,,,,,,,,,,,
215,Samasten Necklace,Accessory,Samasten,(Jewels),(Metal),,(Accessories),,,,,,,,,,,,,,,,,,,,
