#,Name,Type,Category 1,Category 2,Category 3,Category 4,Ingredient 1,Ingredient 2,Ingredient 3,Ingredient 4,F,WA,WI,E,Attribute Value,Exclusive,Disassembles To
1,Craft,Attack,(Bomb),,,,Star Fruit x2,(Gunpowder),(Supplement),,,,,X,15,,
2,Bomb,Attack,(Bomb),,,,Phlogiston x2,(Fuel),(Paper),(Supplement),X,,,,20,,Black Powder
3,Ice Bomb,Attack,(Bomb),,,,Aqua Light x2,(Liquid),(Supplement),,,X,,,25,,Broken Item
4,Lightning Bomb,Attack,(Bomb),,,,Electric Orb,Abrasive x2,(Ore),(Supplement),,,X,,30,,Old Stone
5,Uni,Attack,(Bomb),,,,Star Core,(Metal),(Gunpowder),(Supplement),,,,X,30,,Broken Item
6,Lava Cube,Attack,(Magic Tool),,,,Phlogiston x3,Bomb,(Fuel),(Supplement),X,,,,35,,Black Powder
7,Dimension Bomb,Attack,(Antique),(Bomb),(Magic Tool),,(Gunpowder),(Oil),(Paper),(Ancient Power),X,,X,X,30,,Double Foot Component
8,Electrical Discharge Tube,Attack,(Antique),(Magic Tool),,,Glass Tube,Junk x2,(Gas),(Ancient Power),,,X,,35,,Elaborate Screw
9,Globe,Attack,(Sundry),,,,Ancient Map x3,(Lumber),(Paper),(Metal),X,,,X,30,,Lumber
10,Glass Rose,Attack,(Magic Tool),,,,Frosty Crystal x3,Ice Bomb,(Water),(Poison),,X,X,,30,,Broken Item
11,Meteor,Attack,(Bomb),,,,Leichester Meteorite Iron x3,(Metal),(Gunpowder),(Supplement),,,X,,40,,Broken Item
12,Talisman of Ancient Beasts,Attack,(Magic Tool),,,,Giant Fossil,Zettel,(Thread),(Dragon Material),X,,,,30,Stera,Trash
13,Shepherd's Flute,Attack,(Sundry),,,,Ancient Gold Thread,(Clay),(Fuel),(Mystery),,,X,X,25,,Broken Item
14,Weight Stone,Attack,(Sundry),,,,Abrasive x4,(Ore),(Supplement),,X,,,X,20,,Broken Item
15,Barrel,Attack,(Sundry),,,,Holinic x2,(Lumber),(Fuel),(Sand),,,,X,40,,Lumber
16,Pumpkin Doll,Attack,(Magic Tool),,,,Ore Pumpkin,(Cloth),(Mystery),(Ancient Power),,X,,X,25,,Broken Item
17,Living Trash Can,Attack,(Magic Tool),,,,Broken Item x3,Trash x2,(Metal),(Ancient Power),,X,,,35,Lotte,"Trash, Broken Item"
18,Flying Board,Attack,(Magic Tool),,,,Gravicrystal x2,(Gas),(Feather),(Mystery),,,X,,40,Lotte,"Trash, Buzzter Nuts"
19,Refuel Pads,Heal,(Sundry),,,,Anti-Bug Grass,(Magic Herb),(Water),,,,X,,15,,Broken Item
20,Healing Salve,Heal,(Medicine),,,,(Plant),(Oil),(Water),,,X,,,15,,Plant Oil
21,Herbal Soup,Heal,(Food),,,,Dried Herbs,(Liquid),(Seasoning),,,X,,X,10,,
22,Apple Tart,Heal,(Food),(Snack),,,Shelbani Flour x2,(Apple),(Seasoning),(Liquid),,,,X,10,,
23,Refresh Medicine,Heal,(Medicine),,,,Shelbani Flour,Honey,(Liquid),,,,X,,10,,
24,Buzzter Nuts,Heal,(Food),,,,Star Fruit x3,(Supplement),(Seasoning),,,,,X,10,,
25,Stellard Medicine,Heal,(Medicine),,,,(Plant),(Medic. Ing.),(Liquid),(Supplement),,,X,,25,,
26,Shelbani Bread,Heal,(Food),,,,Shelbani Flour x3,Rich Milk x2,Unknown Egg,(Seasoning),,X,,,15,,
27,Healing Aroma,Heal,(Medic. Ing.),(Sundry),,,(Aroma),(Natural),(Fuel),,,X,X,,25,,
28,Stellapearl,Heal,(Food),(Snack),,,Shelbani Flour x3,Buzzter Nuts,(Grain),(Seasoning),X,,,,30,,
29,Medicine Bread,Heal,(Food),,,,Shelbani Flour x2,(Seasoning),(Medic. Ing.),(Vegetable),,X,,X,20,,
30,Smoked Meat,Heal,(Food),,,,Dried Herbs x3,(Lumber),(Meat),,X,,,,30,,
31,Golden Extract Soup,Heal,(Food),,,,(Fish),(Liquid),(Seasoning),(Dragon Material),,X,,X,25,,
32,Media Book,Heal,(Book),,,,Zettel x3,(Mystery),(Ancient Power),(Supplement),,X,X,,30,,Zettel
33,Fruit Ration,Heal,(Food),(Snack),,,(Grain),(Fruit),(Seasoning),(Liquid),X,,,X,30,,
34,Slag Soup,Heal,(Food),,,,(Slag Part),(Liquid),(Fuel),(Supplement),X,X,,,25,,
35,Ritual Powder,Heal,(Medicine),(Sundry),,,(Animal),(Medic. Ing.),(Elixir),(Supplement),,X,X,X,20,,Broken Item
36,SP Medicine,Heal,(Medicine),,,,Angel Powder,(Clay),(Medic. Ing.),(Natural),,X,X,,25,,
37,Awakening Medicine,Heal,(Medic. Ing.),(Sundry),,,Stink Bean,Smoke Mushroom,Supplement - Black,(Liquid),,X,X,,2,,Nectar Springwater
38,Dragon Cup,Heal,(Magic Tool),,,,(Dragon Material),(Medic. Ing.),(Medicine),(Water),,X,X,,25,,Nectar Springwater
39,Slag Essence,Heal,(Medicine),,,,(Slag Part),(Slag Part),(Medic. Ing.),(Liquid),X,,,X,30,,
40,Traveler's Ration,Heal,(Food),,,,Shelbani Flour x2,(Meat),(Vegetable),(Fruit),X,,,X,25,,
41,Goddess Shield,Heal,(Magic Tool),,,,(Clay),(Jewel),(Mystery),(Thread),,X,X,X,25,,Shuvea Metal
42,Healthy Ration,Heal,(Food),,,,Medicine Bread,Angel Powder,(Fish),(Meat),X,,X,X,25,,
43,Time Watch,Heal,(Antique),(Magic Tool),,,Glass Tube,(Ancient Relic),(Ancient Relic),(Ancient Power),X,X,X,X,15,,Elaborate Screw
44,Millionaire's Full Course,Heal,(Food),,,,Shelbani Bread,Smoked Meat,Golden Extract Soup,Apple Tart,X,X,,X,35,,
45,Angel Powder,Heal,(Medic. Ing.),(Sundry),,,Dragon Bone,(Synthesis),(Medicine),(Supplement),X,X,X,,25,,Medical Foundation
46,Medicine of the Four Beasts,Heal,(Medicine),,,,(Feather),(Meat),(Dragon Material),(Fish),X,X,X,X,20,,
47,Dragon's Secret,Heal,(Medicine),,,,(Water),(Dragon Material),(Smelly),(Mystery),X,,,X,40,,
48,Elixir,Heal,(Medicine),,,,Dunkelheit,(Water),(Mystery),(Elixir),X,X,X,X,25,,
49,Fruit Tart,Heal,(Food),(Snack),,,Shelbani Flour x2,(Fruit),(Seasoning),(Liquid),,,,X,10,,
50,Stone Coin,Accessory,(Accessory),,,,Precious Stone,Halmolium,(Fuel),(Supplement),X,X,X,X,25,,
51,Heart of Fire,Accessory,(Accessory),,,,Slag Heart x3,Cole Medapaid x2,(Fuel),(Supplement),X,X,X,X,25,,
52,Planet Sphere,Accessory,(Accessory),,,,Comet Crest Stone,Gravicrystal,(Gas),(Ancient Power),X,X,X,X,25,,
53,Chronicle Shield,Accessory,(Accessory),,,,Ziegel Nugget,Ancient Water,(Ingot),(Ancient Relic),X,X,X,X,25,,
54,Escape Jewel,Accessory,(Accessory),,,,Rabbit Fur x3,(Animal),(Thread),(Mystery),X,X,X,X,25,,
55,Thunder Outfit,Accessory,(Accessory),,,,Meteor,(Gas),(Cloth),(Supplement),X,X,X,X,25,,
56,Divine Soul,Accessory,(Accessory),,,,Abrasive x2,(Thread),(Jewel),(Jewel),X,X,X,X,25,,
57,Leather Gloves,Accessory,(Accessory),(Pelt),,,Leather,(Cloth),(Thread),,,,,X,20,,
58,Leather Boots,Accessory,(Accessory),(Pelt),,,Leather x2,(Cloth),(Metal),(Thread),,,X,,30,,
59,Aroma Pouch,Accessory,(Accessory),(Aroma),,,Dried Herbs x3,(Magic Herb),(Cloth),(Thread),,,X,,30,,
60,Angel Ribbon,Accessory,(Accessory),(Cloth),,,(Aroma),(Thread),(Mystery),(Medic. Ing.),,,X,,45,,
61,Feather Ornament,Accessory,(Accessory),,,,(Feather),(Thread),(Jewel),,,,X,,40,,
62,Blue Crystal Ring,Accessory,(Accessory),(Jewel),,,Crystal Ball,Glass Tube,(Metal),(Mystery),,X,X,X,15,,
63,Gauntlet,Accessory,(Accessory),(Metal),,,(Ore),(Cloth),(Thread),,,,,X,25,,
64,Metal Boots,Accessory,(Accessory),(Metal),,,(Ingot),(Ore),(Cloth),(Thread),,,X,,30,,
65,Spirit Belt,Accessory,(Accessory),(Mystery),,,(Cloth),(Cloth),(Elixir),(Thread),,X,X,,30,,
66,Gunade Ring,Accessory,(Accessory),(Metal),,,Ziegel Nugget,(Jewel),(Mystery),(Ore),,,,X,45,,
67,Glass Tiara,Accessory,(Accessory),(Synthesis),,,Glass Tube,Water Crystal,(Jewel),(Antique),,X,,X,20,,
68,Brother Call,Accessory,(Accessory),(Mystery),,,(Ancient Relic),(Metal),(Ore),(Clay),,X,,X,40,,
69,Gold Coin of Fortune,Accessory,(Accessory),(Metal),(Mystery),,Diamond Ore x2,Cole Medapaid,(Jewel),(Animal),X,X,X,,30,,
70,Dragon Shield,Accessory,(Accessory),(Antique),,,(Ingot),(Dragon Material),(Jewel),(Metal),X,X,X,X,20,,
71,Treasure Grimoire,Accessory,(Accessory),(Book),,,Ultramarine Root x2,(Paper),(Animal),(Mystery),X,X,X,X,25,,
72,Ancient Power Belt,Accessory,(Accessory),(Ancient Power),(Antique),,(Metal),(Pelt),(Ancient Relic),(Ancient Relic),X,,,,40,,
73,One Angle Mascara,Accessory,(Accessory),,,,(Clay),(Animal),(Mystery),(Jewel),,X,,,40,,
74,Meteor Gloves,Accessory,(Accessory),(Metal),,,Meteonite,(Fabric),(Thread),,X,,X,X,20,,
75,Meteor Boots,Accessory,(Accessory),(Metal),,,Meteonite,(Fabric),(Ore),(Thread),X,,X,X,20,,
76,Mirage Talisman,Accessory,(Accessory),(Mystery),,,Ancient Water,Dunkelheit,(Jewel),(Metal),X,X,X,,20,,
77,Plant Fertilizer,Synthesis,(Adventure),(Liquid),,,(Plant),(Plant),(Synthesis),(Water),,X,,,25,,
78,Demon Warding Charm,Synthesis,(Adventure),(Cloth),,,Giant Triangular Fang,(Smelly),(Paper),(Mystery),,,X,X,30,,
79,Dowsing Rod,Synthesis,(Adventure),(Ore),,,(Natural),(Metal),(Mystery),(Ancient Relic),X,,X,,20,Stera,
80,Mysterious Monocle,Synthesis,(Adventure),(Antique),,,Crystal Ball,Abrasive,(Metal),(Mystery),,X,X,,30,,
81,Travel Gate,Synthesis,(Adventure),(Mystery),,,Wind Rider Feather x8,Supplement - Rainbow x2,(Mystery),(Dragon Material),X,X,X,X,20,,
82,Handmade Bait,Synthesis,(Adventure),(Smelly),,,Shelbani Flour,(Aroma),(Animal),,,,,X,20,Lotte,
83,Shelbani Flour,Synthesis,(Grain),(Gunpowder),,,Shelbani Wheat x4,(Supplement),,,,,X,X,10,,
84,Dried Herbs,Synthesis,(Aroma),(Fuel),(Seasoning),,(Plant),(Plant),(Magic Herb),(Water),,,X,,15,,
85,Plant Oil,Synthesis,(Fuel),(Liquid),(Oil),,(Plant),(Plant),(Plant),(Supplement),X,,,,20,,
86,Abrasive,Synthesis,(Sundry),,,,(Sand),(Oil),,,,,,X,15,,
87,Handspun Rabbit Yarn,Synthesis,(Animal),(Thread),,,Rabbit Fur x3,(Liquid),,,,,X,,10,,Supplement - Green
88,Supplement - Red,Synthesis,(Supplement),,,,(Gunpowder),(Liquid),,,X,,,,15,,
89,Supplement - Blue,Synthesis,(Supplement),,,,(Liquid),(Liquid),,,,X,,,15,,
90,Supplement - Green,Synthesis,(Supplement),,,,(Plant),(Liquid),,,,,X,,15,,
91,Supplement - Yellow,Synthesis,(Supplement),,,,(Clay),(Liquid),,,,,,X,15,,
92,Supplement - White,Synthesis,(Supplement),,,,(Synthesis),(Mystery),(Liquid),,X,,X,,20,,
93,Supplement - Black,Synthesis,(Supplement),,,,(Synthesis),(Animal),(Liquid),,,X,,X,20,,
94,Supplement - Rainbow,Synthesis,(Supplement),,,,Medical Solution,Silver Groundwater,(Jewel),(Plant),X,X,X,X,20,,
95,Handmade Jam,Synthesis,(Aroma),(Food),(Seasoning),,(Fruit),(Fruit),(Liquid),(Supplement),,X,,,20,,
96,Honey,Synthesis,(Liquid),(Seasoning),,,(Bee Hive),(Bee Hive),(Paper),,,,,X,20,,
97,Plant Syrup,Synthesis,(Liquid),(Seasoning),,,Palma,Cactus Palm,(Water),(Fuel),,X,,X,10,,
98,Leather,Synthesis,(Cloth),(Pelt),,,Wild Pelt x3,(Oil),(Thread),(Supplement),X,,,X,15,,
99,Zettel,Synthesis,(Fuel),(Paper),,,(Plant),(Plant),(Liquid),(Supplement),,,X,,20,,
100,Palma Board,Synthesis,(Fuel),(Lumber),(Sundry),,Palma,(Oil),,,,,,X,20,,
101,Powdered Glass,Synthesis,(Synthesis),,,,Glass Core x2,(Liquid),(Fuel),,X,,,X,10,,
102,Glass Tube,Synthesis,(Synthesis),,,,Powdered Glass x2,(Liquid),(Fuel),,X,,,X,15,,Powdered Glass
103,Crystal Ball,Synthesis,(Jewel),(Mystery),(Mystery),,Sand Crystal x3,Water,Abrasive,(Cloth),,X,X,,20,,
104,Medical Solution,Synthesis,(Liquid),(Medicine),(Mystery),,Distilled Water,(Cloth),(Medic. Ing.),(Elixir),X,X,X,X,15,,
105,Stellard Fabric,Synthesis,(Cloth),,,,(Thread),(Thread),(Thread),,,,X,X,25,,Handspun Rabbit Yarn
106,Fire Lord's Charcoal,Synthesis,(Fuel),(Gunpowder),,,(Lumber),(Oil),,,X,,,,30,,
107,Iron Clay,Synthesis,(Clay),(Metal),(Poison),,(Sand),(Ore),(Oil),,,,,X,30,,Black Powder
108,Burning Gas,Synthesis,(Gas),(Gunpowder),,,Supplement - Black,(Cloth),(Fuel),,X,,X,,30,,
109,Black Powder,Synthesis,(Gunpowder),(Seasoning),(Smelly),,Fire Lord's Charcoal x2,(Fuel),(Fuel),(Supplement),X,,,,50,,
110,Frosty Crystal,Synthesis,(Jewel),(Liquid),,,Sand Crystal x2,Aqua Light x3,(Water),,,X,,,20,,
111,Water Crystal,Synthesis,(Jewel),(Mystery),,,Sand Crystal,Water,,,,X,X,,20,,
112,Electric Orb,Synthesis,(Jewel),,,,(Metal),(Ancient Power),(Supplement),,,,X,X,15,,
113,Distilled Water,Synthesis,(Liquid),(Water),,,(Liquid),(Paper),(Cloth),(Fuel),,X,,,20,,
114,Super Pure Water,Synthesis,(Liquid),(Water),,,Electric Orb,Distilled Water,(Fuel),(Paper),,X,,,40,,
115,Unbreakable Glass,Synthesis,(Ancient Power),(Gunpowder),(Natural),,Melting Glass Shard x2,(Fuel),(Liquid),,X,X,,,15,,Trash
116,Mysterious Cloth,Synthesis,(Cloth),(Mystery),(Synthesis),,(Water),(Thread),(Thread),(Slag Part),,,X,X,30,,Silkis Feather
117,Gravicrystal,Synthesis,(Mystery),(Synthesis),,,Gravistone x3,(Liquid),,,,,X,X,20,,
118,Precious Stone,Synthesis,(Jewel),,,,Abrasive x2,Twin Color Corundum,Polarized Gem,(Liquid),X,,X,X,25,,
119,Twin Color Corundum,Synthesis,(Jewel),(Synthesis),,,Red Clay x2,Blue Clay x2,Supplement - White,(Fuel),X,X,,,20,,
120,Polarized Gem,Synthesis,(Jewel),(Synthesis),,,Green Clay x2,Marine Clay x2,Supplement - Black,(Fuel),,,X,X,20,,
121,Comet Crest Stone,Synthesis,(Jewel),(Synthesis),,,Precious Stone,Supplement - Rainbow,(Antique),(Ancient Power),X,X,X,X,20,,
122,Holinic,Synthesis,(Metal),,,,Holinica Ore x2,(Fuel),,,X,,,,20,,
123,Dark Iron,Synthesis,(Metal),(Sundry),,,Dark Iron Ore x2,(Fuel),,,X,,,,20,,
124,Algemein Plywood,Synthesis,(Lumber),(Sundry),,,Palma Board,(Natural),(Lumber),(Oil),,,,X,25,,Lumber
125,Ziegel Nugget,Synthesis,(Metal),(Ore),,,Leichester Meteorite Iron,(Clay),(Fuel),(Supplement),X,,,X,30,,Old Stone (this is quite often a good idea)
126,Cole Medapaid,Synthesis,(Metal),,,,Blazing Ore,Holinic,(Supplement),(Fuel),X,,,,30,,
127,Dark Steel Plate,Synthesis,(Metal),(Sundry),,,Dark Iron x3,(Water),(Fuel),,X,,,,40,,Dark Iron
128,Holinic Steel Plate,Synthesis,(Metal),,,,Holinic x2,(Water),(Fuel),,X,,,,35,,Holinic
129,Aroma Materia,Synthesis,(Aroma),(Jewel),(Ore),(Synthesis),(Slag Part),(Water),(Medic. Ing.),(Mystery),X,X,X,X,15,,
130,Sun Flower,Synthesis,(Ancient Power),(Elixir),(Jewel),(Metal),Scrap Metal x9,Dunkelheit,Aroma Materia,(Dragon Material),X,X,X,X,30,,
131,Floater Unit,Synthesis,(Ancient Power),,,,Gravicrystal x4,Abrasive x4,(Lumber),(Metal),X,X,X,X,25,Lotte,
132,Ingot,Synthesis,(Ingot),,,,(Ore),(Ore),(Fuel),,X,,,,15,,
133,Holinicait,Synthesis,(Ingot),,,,Holinica Ore x2,(Ore),(Ore),(Fuel),X,,,,20,,
134,Shuvea Metal,Synthesis,(Ingot),,,,Dark Iron,(Ore),(Fuel),,X,,,X,15,,
135,Alto Metal,Synthesis,(Ingot),,,,(Ancient Relic),(Ore),(Ore),(Fuel),X,,,X,15,,
136,Meteonite,Synthesis,(Ingot),,,,Leichester Meteorite Iron x3,(Ore),(Fuel),(Fuel),X,,X,X,15,,
137,Halmolium,Synthesis,(Ingot),,,,Supplement - Rainbow,(Elixir),(Ore),(Fuel),X,X,X,X,10,,
138,Cloth,Synthesis,(Fabric),,,,(Thread),(Thread),(Liquid),,,,X,,10,,
139,Mofcott,Synthesis,(Fabric),,,,Handspun Rabbit Yarn,(Cloth),(Thread),(Liquid),,X,X,,10,,
140,Silkis Feather,Synthesis,(Fabric),,,,(Feather),(Cloth),(Thread),(Liquid),,,X,,30,,
141,Alto Cloth,Synthesis,(Fabric),,,,(Mystery),(Cloth),(Thread),(Liquid),,,X,X,15,,
142,Scale Cloth,Synthesis,(Fabric),,,,Giant Scale,(Cloth),(Animal),(Liquid),X,,X,,20,,
143,Velvetis,Synthesis,(Fabric),,,,Mysterious Cloth,Supplement - Rainbow,(Cloth),(Liquid),X,X,X,X,10,,
144,Lumber,Synthesis,(Wood),,,,(Lumber),(Lumber),(Oil),,,X,,X,5,,
145,Palma Wood,Synthesis,(Wood),,,,Palma Board x2,(Lumber),(Oil),,,X,,X,10,,
146,Mixed Wood,Synthesis,(Wood),,,,Algemein Plywood x2,(Lumber),(Oil),,,X,,X,15,,
147,Alto Wood,Synthesis,(Wood),,,,Ancient Tree Splinter,(Lumber),(Oil),,,X,,X,15,,
148,Mystix,Synthesis,(Wood),,,,Mossy Driftwood,(Mystery) (Lumber),(Oil),,,X,X,X,10,,
149,Yggdras,Synthesis,(Wood),,,,Alto Wood,(Ancient Power) (Lumber),(Oil),,X,X,X,X,10,,
150,Eyedrops of Truth,Synthesis,(Liquid),(Medicine),,,Leichester Meteorite Iron,Dragon Cup,(Liquid),(Supplement),,X,X,,25,,
151,Mini Sound Machine,Synthesis,(Ancient Power),(Metal),,,(Ingot),(Ancient Power),(Ancient Relic),(Supplement),X,,,X,20,Stera,
152,Wonder Drug of Tranquillity,Synthesis,(Medicine),(Medic. Ing.),(Seasoning),,(Elixir),(Medic. Ing.),(Water),,,X,X,X,15,Stera,
153,Noble Suit,Synthesis,(Cloth),,,,Silkis Feather,Handspun Rabbit Yarn x2,(Cloth),,,,X,,20,Stera,
154,Formal Dinner Suit,Synthesis,(Cloth),(Thread),,,Silkis Feather,Ancient Gold Thread,(Jewel),(Cloth),,,X,X,30,Stera,
155,Ship Clan's Bell,Weapon,(Weapon - Bell),,,,(Ingot),(Lumber),(Metal),,X,,,,10,,
156,Resonance Chime,Weapon,(Metal),(Weapon - Bell),,,(Weapon - Bell),(Ingot),(Lumber),(Supplement),,,,X,20,,
157,White Winged Bell,Weapon,(Metal),(Weapon - Bell),,,(Weapon - Bell),Shuvea Metal,Palma Wood,(Supplement),,X,X,,20,,
158,Sea Alchemist's Bell,Weapon,(Metal),(Weapon - Bell),,,(Weapon - Bell),Halmolium,Mystix,(Supplement),X,X,X,,25,,
159,Convenient Broom,Weapon,(Lumber),(Weapon - Broom),,,Lumber x2,(Plant),(Thread),,,,,X,10,,
160,Stylish Broom,Weapon,(Lumber),(Weapon - Broom),,,(Weapon - Broom),Palma Wood,(Fabric),(Plant),,,X,X,10,,
161,Magia Sumonitora,Weapon,(Lumber),(Weapon - Broom),,,Alto Wood,Gravicrystal,(Mystery),(Dragon Material),X,,X,,25,,
162,Alchemist's Broom,Weapon,(Lumber),(Weapon - Broom),,,(Weapon - Broom),Yggdras,(Fabric),(Plant),X,X,X,X,20,,
163,Sea Clan's Charm,Weapon,(Weapon - Talisman),,,,Lumber,Dusk Sea Sand x3,(Clay),(Supplement),,X,,X,10,,
164,Elemental Charm,Weapon,(Weapon - Talisman),,,,(Weapon - Talisman),(Wood),(Ore),(Supplement),X,X,X,X,5,,
165,Lunic Charm,Weapon,(Metal),(Weapon - Talisman),,,(Weapon - Talisman),Alto Wood,Crystal Ball,(Supplement),X,,,,25,,
166,Dragon Scale Charm,Weapon,(Dragon Material),(Weapon - Talisman),,,(Weapon - Talisman),Sand Dragon Scale,Halmolium,(Supplement),X,X,X,X,20,,
167,Magician's Ring,Weapon,(Weapon - Ring),,,,Ingot,(Ore),(Metal),(Supplement),X,,X,,10,,
168,Sword Manipulation Ring,Weapon,(Metal),(Weapon - Ring),,,(Weapon - Ring),(Ingot),(Ancient Relic),(Supplement),X,,X,,15,,
169,Demonkin Ring,Weapon,(Metal),(Weapon - Ring),,,(Weapon - Ring),Alto Metal,(Dragon Material),(Supplement),X,X,X,,20,,
170,Orbis Spiritis,Weapon,(Metal),(Weapon - Ring),,,(Weapon - Ring),Meteonite,(Jewel),(Supplement),X,X,X,X,20,,
171,Crystal Twin Swords,Weapon,(Weapon - Twin Sword),,,,(Ingot),(Lumber),(Ore),(Supplement),,,X,X,15,,
172,Silver Twin Swords,Weapon,(Metal),(Weapon - Twin Sword),,,(Weapon - Twin Sword),(Ingot),Abrasive x3,(Supplement),X,,X,,15,,
173,Bloody Claws,Weapon,(Metal),(Weapon - Twin Sword),,,(Weapon - Twin Sword),Shuvea Metal,(Poison),(Supplement),X,,X,,20,,
174,Air Foecutters,Weapon,(Metal),(Weapon - Twin Sword),,,(Weapon - Twin Sword),Meteonite,Super Pure Water,(Supplement),,X,X,X,25,,
175,Flame Bunker,Weapon,(Weapon - Pile Driver),,,,(Ingot),Bomb,Abrasive x2,(Supplement),X,,,,10,,
176,Armored Bunker,Weapon,(Gunpowder),(Weapon - Pile Driver),,,(Weapon - Pile Driver),(Ingot),Holinicait,(Ore),X,,,X,15,,
177,Ancient Heat Bunker,Weapon,(Ancient Power),(Antique),(Gunpowder),(Weapon - Pile Driver),(Weapon - Pile Driver),Alto Metal,(Ancient Relic),,X,,X,,15,,
178,Chronicle Bunker,Weapon,(Ancient Power),(Gunpowder),(Weapon - Pile Driver),,(Weapon - Pile Driver),Halmolium,(Ancient Relic),(Ancient Relic),X,,X,X,20,,
179,Solis Gem,Weapon,(Ancient Power),(Mystery),(Weapon - Ritual),,Shuvea Metal,Polarized Gem,(Fuel),(Metal),X,,,,15,,
180,Ignis Gem,Weapon,(Ancient Power),(Mystery),(Weapon - Ritual),,(Weapon - Ritual),Alto Metal,Lava Cube,Comet Crest Stone,X,,,,25,,
181,Zodiac Gem,Weapon,(Ancient Power),(Mystery),(Weapon - Ritual),,(Weapon - Ritual),Meteonite,Meteor,Comet Crest Stone,X,X,X,X,15,,
182,Diabolos Gem,Weapon,(Ancient Power),(Mystery),(Weapon - Ritual),,(Weapon - Ritual),Halmolium,Sun Flower,Medical Solution,X,X,X,X,25,,
183,Hayate,Weapon,(Weapon - Longsword),,,,Ingot,(Ore),(Supplement),,,,X,,15,,
184,Demon Ore Sword,Weapon,(Metal),(Weapon - Longsword),,,(Weapon - Longsword),(Ingot),(Ore),(Supplement),X,,,,20,,
185,Mythical Beast Sword,Weapon,(Metal),(Weapon - Longsword),,,(Weapon - Longsword),Alto Metal,(Animal),(Supplement),,X,X,,20,,
186,Meteorite Sword,Weapon,(Metal),(Weapon - Longsword),,,(Weapon - Longsword),Meteonite,(Ingot),(Supplement),X,,X,X,30,,
187,Sky Alchemy Staff,Weapon,(Weapon - Staff),,,,(Ingot),(Feather),(Lumber),,,,X,X,10,,
188,Golden Blue Staff,Weapon,(Weapon - Staff),,,,(Weapon - Staff),(Metal),Zemnite,,X,X,X,,20,,
189,Golden Wing Staff,Weapon,(Weapon - Staff),,,,(Weapon - Staff),Meteonite,(Elixir),(Jewel),,X,X,,15,,
190,Lifetree Staff,Weapon,(Weapon - Staff),,,,(Weapon - Staff),(Wood),Dunkelheit,Endangered Herb,X,X,X,X,20,,
191,Management Board,Weapon,(Weapon - Board),,,,(Wood),Zettel,(Clay),,,X,X,,15,,
192,Plan Board,Weapon,(Weapon - Board),,,,(Weapon - Board),Palma Board,(Oil),,,,X,X,15,,
193,Operation Plan Board,Weapon,(Weapon - Board),,,,(Weapon - Board),(Paper),(Mystery),(Elixir),,X,X,X,20,,
194,Phantom Saber,Weapon,(Weapon - Alchemy Sword),,,,(Ingot),(Metal),Scrap Metal,(Supplement),,,X,X,10,,
195,Black Wing Veil,Weapon,(Weapon - Alchemy Sword),,,,(Weapon - Alchemy Sword),Pendelook,(Metal),(Mystery),,X,X,,15,,
196,Crysta-Fang,Weapon,(Weapon - Alchemy Sword),,,,(Weapon - Alchemy Sword),Crystal Ball,(Jewel),(Ore),X,X,X,,20,,
197,Proto Phantom,Weapon,(Weapon - Alchemy Sword),,,,(Weapon - Alchemy Sword),(Dragon Material),(Metal),(Elixir),X,X,X,X,20,,
198,Flower Tree Staff,Weapon,(Weapon - Staff 2),,,,(Wood),(Plant),Palma,,,X,X,,15,,
199,Fragrant Staff,Weapon,(Weapon - Staff 2),,,,(Weapon - Staff 2),Meteonite,(Elixir),(Jewel),,,X,X,15,,
200,Floral Staff,Weapon,(Weapon - Staff 2),,,,(Weapon - Staff 2),Aroma Materia,Mystix,(Mystery),,X,X,X,20,,
201,Fairy Queen Staff,Weapon,(Weapon - Staff 2),,,,(Weapon - Staff 2),Dunkelheit,Yggdras,(Elixir),X,X,X,,25,,
202,Cotton Shirt,Armor,(Armor - Clothes),(Cloth),,,Cloth,(Magic Herb),(Thread),,,,,X,15,,
203,Thick Shirt,Armor,(Armor - Clothes),(Cloth),,,(Armor - Clothes),Cloth,(Thread),,,,,X,15,,
204,High Collar Shirt,Armor,(Armor - Clothes),(Cloth),,,(Armor - Clothes),Mofcott,(Thread),(Animal),X,,X,,10,,
205,Herbal Shirt,Armor,(Armor - Clothes),(Medicine),,,(Armor - Clothes),Mofcott,(Magic Herb),(Medic. Ing.),,X,,X,15,,
206,Leather Shirt,Armor,(Armor - Clothes),(Pelt),,,(Armor - Clothes),Silkis Feather,Leather x2,(Oil),X,,,X,15,,
207,Fur Shirt,Armor,(Armor - Clothes),(Pelt),,,(Armor - Clothes),Silkis Feather x2,(Pelt),(Thread),X,,X,,15,,
208,Combat Shirt,Armor,(Armor - Clothes),(Cloth),,,(Armor - Clothes),(Fabric),(Pelt),,X,,,X,30,,
209,Riveted Shirt,Armor,(Armor - Clothes),(Cloth),,,(Armor - Clothes),Alto Cloth,(Pelt),(Metal),X,X,,,30,,
210,Silver Threaded Shirt,Armor,(Armor - Clothes),(Cloth),,,(Armor - Clothes),(Ingot),(Thread),(Thread),,,X,,50,,
211,Divine Shirt,Armor,(Armor - Clothes),(Cloth),,,(Armor - Clothes),Velvetis,Mysterious Cloth,(Thread),X,X,X,X,15,,
212,Chain Armor,Armor,(Armor - Heavy Armor),(Metal),,,Ingot x2,(Cloth),(Pelt),,X,,,X,20,,
213,Bone Plate,Armor,(Animal),(Armor - Heavy Armor),,,(Armor - Heavy Armor),(Wood),Animal Bone x2,(Pelt),,,,X,20,,
214,Holinic Full Metal,Armor,(Armor - Heavy Armor),(Metal),,,(Armor - Heavy Armor),Holinicait x4,(Ore),(Ore),X,,,,40,,
215,Scale Plate,Armor,(Animal),(Armor - Heavy Armor),,,(Armor - Heavy Armor),Holinicait x2,Giant Scale x3,Sand Dragon Scale,,X,,,45,,
216,Splint Mail,Armor,(Armor - Heavy Armor),(Metal),,,(Armor - Heavy Armor),Shuvea Metal,Alto Cloth,(Ore),,,X,,35,,
217,Meteorite Armor,Armor,(Armor - Heavy Armor),(Metal),,,(Armor - Heavy Armor),Leichester Meteorite Iron x2,Alto Metal,(Fuel),X,,,X,30,,
218,Magic Plate,Armor,(Armor - Heavy Armor),(Metal),,,(Armor - Heavy Armor),Halmolium,Alto Cloth,(Ore),X,,X,,15,,
219,Dragoon Mail,Armor,(Armor - Heavy Armor),(Metal),,,(Armor - Heavy Armor),Meteonite,(Dragon Material),(Dragon Material),X,,X,X,20,,
220,Windbreaker,Armor,(Armor - Light Armor),(Cloth),,,Cloth,(Thread),,,,,X,,15,,
221,Leather Coat,Armor,(Armor - Light Armor),(Pelt),,,(Armor - Light Armor),(Fabric),Leather x2,,,,,X,20,,
222,Agile Coat,Armor,(Armor - Light Armor),(Cloth),,,(Armor - Light Armor),(Fabric),Blue Clay x3,(Thread),,,X,,25,,
223,Gold Embroidered Coat,Armor,(Armor - Light Armor),(Cloth),,,(Armor - Light Armor),Silkis Feather,(Feather),(Thread),,,X,X,20,,
224,Dragoon Coat,Armor,(Armor - Light Armor),(Cloth),,,(Armor - Light Armor),(Dragon Material),(Thread),(Ancient Power),X,X,X,,25,,
225,Divine Coat,Armor,(Armor - Light Armor),(Cloth),,,(Armor - Light Armor),Velvetis,Mysterious Cloth,(Thread),X,X,X,X,15,,
